CustomUrl,ItemNumber
http://www.peaceloveanddecorating.com/antique-wood-chandelier.html,80-16-1018
www.peaceloveanddecorating.com/scalloped-wood-bead-chandelier.html,80-16-1008
www.peaceloveanddecorating.com/small-silver-makers-chandelier.html,80-16-1025SIL
www.peaceloveanddecorating.com/large-gold-makers-chandelier.html,80-16-1026GLD
www.peaceloveanddecorating.com/black-isosceles-chandelier.html,80-16-1034
www.peaceloveanddecorating.com/pierced-metal-sphere-pendent.html,80-16-1016PN
www.peaceloveanddecorating.com/silver-cage-pendent.html,80-16-1017
www.peaceloveanddecorating.com/hanging-mercury-glass-pendent.html,80-16-1003
www.peaceloveanddecorating.com/large-globe-pendent.html,80-16-1004ORB/NB
www.peaceloveanddecorating.com/nickel-finish-globe-pendent.html,80-16-1004PN
www.peaceloveanddecorating.com/merucry-glass-float-pendent.html,80-16-1029AM
www.peaceloveanddecorating.com/recycled-glass-float-pendent.html,80-16-1029
www.peaceloveanddecorating.com/small-scallop-shade-pendent.html,80-16-1021
www.peaceloveanddecorating.com/large-orbit-shade-pendent.html,80-16-1007
www.peaceloveanddecorating.com/large-round-shade-pendent.html,80-16-1002
www.peaceloveanddecorating.com/provence-mirror-panel-sconce.html,80-15-1002
www.peaceloveanddecorating.com/theater-panel-sconce.html,80-15-1003
www.peaceloveanddecorating.com/reclaimed-wood-swing-arm.html,80-15-1006
www.peaceloveanddecorating.com/reclaimed-wood-pinup-sconce.html,80-15-1007
www.peaceloveanddecorating.com/herringbone-swing-sconce.html,80-15-1004
www.peaceloveanddecorating.com/small-three-mirrored-sconce.html,80-15-1012
www.peaceloveanddecorating.com/gold-leaf-sinuous-metal-sconce.html,80-15-1018GL
www.peaceloveanddecorating.com/parisian-tall-panel-sconce.html,80-15-1020
www.peaceloveanddecorating.com/metropolitan-crystal-sconce.html,80-15-1014PN
www.peaceloveanddecorating.com/regina-andrew-fleur-iron-finial-lamp.html,80-13-1022
www.peaceloveanddecorating.com/regina-andrew-milano-snow-glass-lamp.html,80-13-1044WT
www.peaceloveanddecorating.com/regina-andrew-wood-gesso-gold-finish-lamp.html,80-13-1035
www.peaceloveanddecorating.com/regina-andrew-crystal-flat-urn-lamp.html,80-13-1012
www.peaceloveanddecorating.com/regina-andrew-crystal-mini-lamp.html,80-13-1014
www.peaceloveanddecorating.com/regina-andrew-glass-lab-lamp.html,80-13-1024PN
www.peaceloveanddecorating.com/regina-andrew-gesso-wood-vase-lamp.html,80-13-1026
www.peaceloveanddecorating.com/regina-andrew-reclaimed-driftwood-lamp.html,80-13-1016
www.peaceloveanddecorating.com/regina-andrew-embossed-silver-vessel-lamp.html,80-13-1004
www.peaceloveanddecorating.com/regina-andrew-crystal-base-dome-task-lamp.html,80-13-1018
www.peaceloveanddecorating.com/regina-andrew-arc-floor-lamp.html,80-14-1004PN
www.peaceloveanddecorating.com/regina-andrew-mercury-clove-mini-lamp.html,80-13-1023
www.peaceloveanddecorating.com/regina-andrew-clove-stem-lamp.html,80-13-1172
www.peaceloveanddecorating.com/regina-andrew-crystal-buffet-lamp.html,80-13-1065
www.peaceloveanddecorating.com/regina-andrew-king-nine-lamp.html,80-13-1071
www.peaceloveanddecorating.com/regina-andrew-phat-crystal-urn-lamp.html,80-13-1013
www.peaceloveanddecorating.com/regina-andrew-zinc-capital-lamp.html,80-13-1095
www.peaceloveanddecorating.com/regina-andrew-chain-cylinder-lamp.html,80-13-1102
www.peaceloveanddecorating.com/regina-andrew-antique-vessel-lamp.html,80-13-1105
www.peaceloveanddecorating.com/regina-andrew-zig-zag-sconce.html,80-15-1008PN
www.peaceloveanddecorating.com/regina-andrew-hammered-floor-lamp.html,80-14-1005
www.peaceloveanddecorating.com/regina-andrew-seeded-vessel-lamp.html,80-13-1056
www.peaceloveanddecorating.com/regina-andrew-seeded-oval-glass-lamp.html,80-13-1059
www.peaceloveanddecorating.com/regina-andrew-tapered-gold-floor-lamp.html,80-14-1007
www.peaceloveanddecorating.com/regina-andrew-glass-nickel-dome-lamp.html,80-13-1020
www.peaceloveanddecorating.com/regina-andrew-baha-blue-glass-lamp.html,80-13-1045
www.peaceloveanddecorating.com/regina-andrew-ice-glass-lamp.html,80-13-1046
www.peaceloveanddecorating.com/regina-andrew-antique mercury glass-lamp.html,80-13-1047
www.peaceloveanddecorating.com/regina-andrew-tapered-gold-lamp.html,80-13-1021
www.peaceloveanddecorating.com/regina-andrew-milano-mercury-glass-lamp.html,80-13-1043AM
www.peaceloveanddecorating.com/regina-andrew-square-raw-alabaster-lamp.html,80-13-1039
www.peaceloveanddecorating.com/regina-andrew-moon-lamp.html,80-13-1074
www.peaceloveanddecorating.com/regina-andrew-le-chic-floor-lamp.html,80-14-1006GLD
www.peaceloveanddecorating.com/regina-andrew-le-chic-nickel-floor-lamp.html,80-14-1006PN
www.peaceloveanddecorating.com/regina-andrew-le-chic-gold-table-lamp.html,80-13-1076GLD
www.peaceloveanddecorating.com/regina-andrew-le-chic-polished-nickel-table-lamp.html,80-13-1076PN
www.peaceloveanddecorating.com/regina-andrew-platinum-column-lamp.html,80-13-1078
www.peaceloveanddecorating.com/regina-andrew-moderne-glass-lamp.html,80-13-1096
www.peaceloveanddecorating.com/regina-andrew-white-glass-star-lamp.html,80-13-1098WT
www.peaceloveanddecorating.com/regina-andrew-mercury-glass-star-lamp.html,80-13-1098AM
www.peaceloveanddecorating.com/regina-andrew-bone-trompette-lamp.html,80-13-1108
www.peaceloveanddecorating.com/regina-andrew-opal-white-diva-chandelier.html,80-16-1037OPAL
www.peaceloveanddecorating.com/regina-andrew-le-chic-nickel-chandelier.html,80-16-1023PN
www.peaceloveanddecorating.com/regina-andrew-reclaimed-driftwood-floor-lamp.html,80-14-1002
www.peaceloveanddecorating.com/regina-andrew-large-mother-of-pearl-mirror.html,15-21-1013
www.peaceloveanddecorating.com/regina-andrew-medium-mother-of-pearl-mirror.html,15-21-1014
www.peaceloveanddecorating.com/regina-andrew-small-mother-of-pearl-mirror.html,15-21-1015
www.peaceloveanddecorating.com/regina-andrew-plaza-bevelled-mirror.html,15-21-1018
www.peaceloveanddecorating.com/regina-andrew-square-bevelled-mirror.html,15-21-1019
www.peaceloveanddecorating.com/regina-andrew-silver-triple-diamond-wall-panel.html,15-21-1020SL
www.peaceloveanddecorating.com/regina-andrew-round-nickel-plated-concave-mirror.html,15-21-1021
www.peaceloveanddecorating.com/regina-andrew-round-nickel-plated-convex-mirror.html,15-21-1022
www.peaceloveanddecorating.com/regina-andrew-quatre-mirror.html,15-21-1010NAT
www.peaceloveanddecorating.com/regina-andrew-lula-gloss-white-mirror.html,15-21-1010WT
www.peaceloveanddecorating.com/regina-andrew-lattice-etagere.html,20-31-1001
www.peaceloveanddecorating.com/regina-andrew-workshop-console.html,20-30-1006
www.peaceloveanddecorating.com/regina-andrew-tall-black-iron-trilogy-floor-lamp.html,80-14-1008
www.peaceloveanddecorating.com/regina-andrew-arc-floor-lamp-405-372.html,80-14-1003PN
www.peaceloveanddecorating.com/regina-andrew-jade-brass-mini-cylinder-lamp.html,80-13-1138
www.peaceloveanddecorating.com/regina-andrew-mini-gold-knot-lamp.html,80-13-1134GLD
www.peaceloveanddecorating.com/regina-andrew-honeycomb-smoked-glass-lamp.html,80-13-1092
www.peaceloveanddecorating.com/regina-andrew-antique-mercury-star-lamp.html,80-13-1097
www.peaceloveanddecorating.com/regina-andrew-black-iron-trilogy-lamp.html,80-13-1112
www.peaceloveanddecorating.com/regina-andrew-ornament-lamp.html,80-13-1114
www.peaceloveanddecorating.com/regina-andrew-scalloped-capiz-column-lamp.html,80-13-1080
www.peaceloveanddecorating.com/regina-andrew-eureka-task-lamp.html,80-13-1119NB
www.peaceloveanddecorating.com/regina-andrew-crystal-mother-of-pearl-column-lamp.html,80-13-1032
www.peaceloveanddecorating.com/regina-andrew-concrete-orb-mini-lamp.html,80-13-1048
www.peaceloveanddecorating.com/regina-andrew-concrete-cube-mini-lamp.html,80-13-1050
www.peaceloveanddecorating.com/regina-andrew-concrete-brass-lamp.html,80-13-1051
www.peaceloveanddecorating.com/regina-andrew-ceramic-ivory-lamp.html,80-13-1057
www.peaceloveanddecorating.com/regina-andrew-concrete-cone-mini-lamp.html,80-13-1049
www.peaceloveanddecorating.com/regina-andrew-small-alabaster-quatrefoil-lamp.html,80-13-1037
www.peaceloveanddecorating.com/regina-andrew-large-alabaster-quatrefoil-lamp.html,80-13-1038
www.peaceloveanddecorating.com/regina-andrew-mother-of-pearl-column-on-lucite-base-lamp.html,80-13-1030
www.peaceloveanddecorating.com/regina-andrew-grey-chevron-lamp.html,80-13-1121
www.peaceloveanddecorating.com/regina-andrew-crystal-block-lamp.html,80-13-1123
www.peaceloveanddecorating.com/regina-andrew-mini-crystal-block-lamp.html,80-13-1124
www.peaceloveanddecorating.com/regina-andrew-bright-gold-daphne-lamp.html,80-13-1126
www.peaceloveanddecorating.com/regina-andrew-clear-bubbles-chandelier.html,80-16-1044CLR
www.peaceloveanddecorating.com/regina-andrew-aqua-bubbles-chandelier.html,80-16-1044AQ
www.peaceloveanddecorating.com/regina-andrew-nova-nickel-constellation-chandelier.html,80-16-1042PN
www.peaceloveanddecorating.com/regina-andrew-abalone-capri-chandelier.html,80-16-1043
www.peaceloveanddecorating.com/regina-andrew-polished-nickel-jules-chandelier.html,80-16-1058PN
www.peaceloveanddecorating.com/regina-andrew-brightcrystal-mini-paris-chandelier.html,80-16-1054
www.peaceloveanddecorating.com/regina-andrew-scalloped-frostedcrystal-bead-chandelier.html,80-16-1056
www.peaceloveanddecorating.com/regina-andrew-clear-satellite-chandelier.html,80-16-1035CLR
www.peaceloveanddecorating.com/regina-andrew-grey-mini-diva-chandelier.html,80-16-1036GRY
www.peaceloveanddecorating.com/regina-andrew-lg-brass-sea-fan-chandelier.html,80-16-1048PB
www.peaceloveanddecorating.com/regina-andrew-sm-brass-sea-fan-chandelier.html,80-16-1047PB
www.peaceloveanddecorating.com/regina-andrew-lg-nickel-sea-fan-chandelier.html,80-16-1048PN
www.peaceloveanddecorating.com/regina-andrew-sm-nickel-sea-fan-chandelier.html,80-16-1047PN
www.peaceloveanddecorating.com/regina-andrew-concrete-saucer-pendent.html,80-16-1060
www.peaceloveanddecorating.com/regina-andrew-concrete-beaker-pendent.html,80-16-1059
www.peaceloveanddecorating.com/regina-andrew-polished-nickel-camden-lantern.html,80-16-1038PN
www.peaceloveanddecorating.com/regina-andrew-soft-brass-camden-lantern.html,80-16-1039NB
www.peaceloveanddecorating.com/regina-andrew-charcoal-velvet-estate-chair.html,20-32-1018
www.peaceloveanddecorating.com/regina-andrew-antique-ebony-dylan-counter-stool.html,20-32-1022EB
www.peaceloveanddecorating.com/regina-andrew-antique-ebony-dylan-bar-stool.html,20-32-1023EB
www.peaceloveanddecorating.com/regina-andrew-vintage-whiskey-axl-barstool.html,20-32-1025
www.peaceloveanddecorating.com/regina-andrew-silverleaf-beehive-setof5.html,15-21-1035SL
www.peaceloveanddecorating.com/regina-andrew-cigar-leather-soho-chair.html,20-32-1013VBR
www.peaceloveanddecorating.com/regina-andrew-ivory-grey-shagreen-end-table.html,20-30-1025
www.peaceloveanddecorating.com/regina-andrew-ivory-grey-shagreen-marilyn-table.html,20-30-1028
www.peaceloveanddecorating.com/regina-andrew-java-black-rolling-slipper-chair.html,20-32-1011
www.peaceloveanddecorating.com/regina-andrew-vintage-grey-mosaic-bone-top-table.html,20-30-1030
www.peaceloveanddecorating.com/regina-andrew-item-display-table-with-teal-agate.html,20-30-1031T
www.peaceloveanddecorating.com/regina-andrew-vintage-brown-leather-club-chair-with-hair.html,20-32-1005
www.peaceloveanddecorating.com/regina-andrew-clubroom-bar-cart-brass.html,20-31-1009
www.peaceloveanddecorating.com/regina-andrew-antique-brass-bamboo-tray-table.html,20-30-1020BRS
www.peaceloveanddecorating.com/regina-andrew-nickel-bamboo-tray-table.html,20-30-1020PN
www.peaceloveanddecorating.com/regina-andrew-vintage-black-leather-soho-chair.html,20-32-1013BLK
www.peaceloveanddecorating.com/regina-andrew-modern-drum-table-polished-nickel.html,20-30-1022NI
www.peaceloveanddecorating.com/regina-andrew-modern-drum-table-antique-brass.html,20-30-1022AB
www.peaceloveanddecorating.com/regina-andrew-bone-veneer-nested-tables.html,20-30-1007
www.peaceloveanddecorating.com/regina-andrew-aluminum-and-leather-bullet-driving-chair.html,20-32-1008
www.peaceloveanddecorating.com/regina-andrew-echelon-console.html,20-30-1016
www.peaceloveanddecorating.com/regina-andrew-echelon-sofa-hugger.html,20-30-1015
www.peaceloveanddecorating.com/regina-andrew-hand-braised-metal-daisy-table.html,20-30-1012
www.peaceloveanddecorating.com/regina-andrew-horn-veneer-nested-tables.html,20-30-1008
www.peaceloveanddecorating.com/regina-andrew-italian-black-leather-equestrian-chair.html,20-32-1001
www.peaceloveanddecorating.com/regina-andrew-vintage-leather-tufted-gallery-bench.html,20-32-1007
www.peaceloveanddecorating.com/regina-andrew-italian-black-leather-equestrian-loveseat.html,20-32-1002
www.peaceloveanddecorating.com/regina-andrew-modern-barca-lounge-chair-ottoman.html,20-32-1012
www.peaceloveanddecorating.com/regina-andrew-blaze-lamp-nickel.html,80-13-1139
www.peaceloveanddecorating.com/regina-andrew-sinuous-metal-sconce-silver-leaf.html,80-15-1018SL
www.peaceloveanddecorating.com/regina-andrew-three-arm-mirrored-sconce-large.html,80-15-1013
www.peaceloveanddecorating.com/regina-andrew-antique-mercury-glass-ripple-table-lamp-505-1006-AM.html,80-13-1028AM
www.peaceloveanddecorating.com/regina-andrew-glass-funnel-beaker-lab-lamp-brass-405-2001-BRS.html,80-13-1024NB
www.peaceloveanddecorating.com/regina-andrew-indigo-lamp-44-11-0288.html,80-13-1168
www.peaceloveanddecorating.com/regina-andrew-jilian-lamp-alabaster-44-11-0286.html,80-13-1167
www.peaceloveanddecorating.com/regina-andrew-florence-buffet-lamps-pair-44-11-0219.html,80-13-1166
www.peaceloveanddecorating.com/regina-andrew-antler-chandelier-silver-leaf-44-31-0161.html,80-16-1064
www.peaceloveanddecorating.com/regina-andrew-ofelia-chandelier-mini-44-31-0244.html,80-16-1094GL
www.peaceloveanddecorating.com/regina-andrew-petrified-wood-bookends-on-crystal-44-10749.html,10-20-1018
www.peaceloveanddecorating.com/regina-andrew-gilded-web-bowl-set-sold-as-a-pair-master-pack-55-71-0175.html,10-20-1191
www.peaceloveanddecorating.com/regina-andrew-metal-sea-fans-gold-22-72-0003.html,10-20-1058PB
www.peaceloveanddecorating.com/regina-andrew-silver-barnacle-mirror-22-7537.html,15-21-1016
www.peaceloveanddecorating.com/regina-andrew-venetian-round-mirror-32-inch-44-81-0151.html,15-21-1038
www.peaceloveanddecorating.com/regina-andrew-metal-sea-fans-nickel-22-8404NI.html,10-20-1058PN
www.peaceloveanddecorating.com/regina-andrew-venetian-round-mirror-42-inch-44-81-0150.html,15-21-1037
www.peaceloveanddecorating.com/regina-andrew-set-of-three-antique-mirror-glass-wine-spheres-405-504SET.html,10-20-1020
www.peaceloveanddecorating.com/regina-andrew-hammered-tray-polished-brass-44-1112-BRS.html,40-20-1082BRS
www.peaceloveanddecorating.com/regina-andrew-hammered-tray-polished-nickel-44-1113-NI.html,40-20-1082PN
www.peaceloveanddecorating.com/regina-andrew-spiked-skull-polished-nickel-55-72-0227.html,10-20-1188PN
www.peaceloveanddecorating.com/regina-andrew-antique-mirror-glass-votive-bowl-set-of-4-405-506.html,10-20-1019
www.peaceloveanddecorating.com/regina-andrew-tavern-bar-stool-antique-ebony-44-51-0087.html,20-32-1026
www.peaceloveanddecorating.com/regina-andrew-herringbone-console-44-61-0231.html,20-30-1036
www.peaceloveanddecorating.com/regina-andrew-tufted-settee-antique-slate-44-51-0089.html,20-32-1027
www.peaceloveanddecorating.com/regina-andrew-boudoir-sofa-charcoal-velvet-44-51-0180.html,20-32-1029CHAR
www.peaceloveanddecorating.com/regina-andrew-marcel-lamp-charcoal-shagreen-55-11-0239.html,80-13-1187CHAR
www.peaceloveanddecorating.com/regina-andrew-marcel-lamp-ivory-grey-shagreen-55-11-0238.html,80-13-1187IV
www.peaceloveanddecorating.com/regina-andrew-sacha-lamp-ivory-grey-shagreen-55-11-0237.html,80-13-1186
www.peaceloveanddecorating.com/regina-andrew-harlow-shagreen-cylinder-lamp-ivory-grey-55-11-0215.html,80-13-1178
www.peaceloveanddecorating.com/regina-andrew-metal-cage-lamp-brass-clear-55-11-0230.html,80-13-1183
www.peaceloveanddecorating.com/regina-andrew-gold-exhibit-lamp-body-and-shade-55-11-0211.html,80-13-1162
www.peaceloveanddecorating.com/regina-andrew-driftwood-lamp-ambered-silver-55-11-0212.html,80-13-1177
www.peaceloveanddecorating.com/regina-andrew-ofelia-lamp-crystal-55-11-0234.html,80-13-1184GL
www.peaceloveanddecorating.com/regina-andrew-manhattan-lamp-55-11-0206.html,80-13-1176
www.peaceloveanddecorating.com/regina-andrew-clara-ceramic-shagreen-lamp-charcoal-44-11-0292.html,80-13-1169
www.peaceloveanddecorating.com/regina-andrew-metro-sconce-ivory-grey-shagreen-55-41-0181.html,80-15-1044IV
www.peaceloveanddecorating.com/regina-andrew-engagement-sconce-polished-nickel-55-41-0177.html,80-15-1037PN
www.peaceloveanddecorating.com/regina-andrew-engagement-sconce-natural-brass-55-41-0176.html,80-15-1037NB
www.peaceloveanddecorating.com/regina-andrew-revolution-sculpture-antique-brass-55-72-0230.html,10-20-1189
www.peaceloveanddecorating.com/regina-andrew-mina-pendant-crystal-with-nickel-55-31-0220.html,80-16-1141
www.peaceloveanddecorating.com/regina-andrew-cecil-accent-table-black-iron-55-61-0185.html,20-30-1040BI
www.peaceloveanddecorating.com/regina-andrew-concorde-chandelier-triple-55-31-0221.html,80-16-1081BLK
www.peaceloveanddecorating.com/regina-andrew-vogue-side-table-ivory-grey-shagreen-with-brass-57-63-0030.html,20-30-1037IV
www.peaceloveanddecorating.com/regina-andrew-vogue-side-table-vintage-brown-snake-with-brass-57-63-0027.html,20-30-1037VBR
www.peaceloveanddecorating.com/regina-andrew-vogue-demilune-console-ivory-grey-shag-with-brass-57-63-0031.html,20-30-1038IV
www.peaceloveanddecorating.com/regina-andrew-vogue-cocktail-table-vintage-brown-snake-w-brass-57-63-0029.html,20-30-1039VBR
www.peaceloveanddecorating.com/regina-andrew-vogue-side-table-charcoal-shag-w-polished-nickel-57-63-0024.html,20-30-1037CHAR
www.peaceloveanddecorating.com/regina-andrew-vogue-cocktail-table-charcoal-shag-w-polished-ni-57-63-0026.html,20-30-1039CHAR
www.peaceloveanddecorating.com/regina-andrew-vogue-cocktail-table-ivory-grey-shagreen-w-brass-57-63-0032.html,20-30-1039IV
www.peaceloveanddecorating.com/regina-andrew-vogue-demilune-console-charcoal-shag-w-polished-ni-57-63-0025.html,20-30-1038CHAR
www.peaceloveanddecorating.com/regina-andrew-herringbone-nesting-cocktail-tables-44-61-0232.html,20-30-1041
www.peaceloveanddecorating.com/regina-andrew-brigitte-floor-lamp-nickel-55-21-0144.html,80-14-1009PN
www.peaceloveanddecorating.com/regina-andrew-brigitte-floor-lamp-brass-55-21-0146.html,80-14-1009NB
www.peaceloveanddecorating.com/regina-andrew-arabesque-ceiling-hugger-55-31-0167.html,80-16-1068
www.peaceloveanddecorating.com/regina-andrew-hoop-etagere-polished-stainless-steel-55-62-0195.html,20-31-1010PN
www.peaceloveanddecorating.com/regina-andrew-estate-deconstructed-wing-chair-charcoal-44-8987.html,20-32-1019
www.peaceloveanddecorating.com/regina-andrew-brigitte-table-brass-55-61-0182.html,20-30-1035NB
www.peaceloveanddecorating.com/regina-andrew-brigitte-table-nickel-55-61-0181.html,20-30-1035PN
www.peaceloveanddecorating.com/regina-andrew-set-of-4-fx-qtz-votive-holder-price-individually-X-01Quartz.html,10-20-1001
www.peaceloveanddecorating.com/regina-andrew-home-shagreen-coaster-set-charcoal-grey.html,10-20-1162CHAR
www.peaceloveanddecorating.com/regina-andrew-home-intersecting-sculpture-brass.html,10-20-1073BRS
www.peaceloveanddecorating.com/regina-andrew-home-shagreen-coaster-set-ivory-grey-set-of-6.html,10-20-1162IV
www.peaceloveanddecorating.com/regina-andrew-home-turtle-shells-on-crystal-set-of-2.html,10-20-1043
www.peaceloveanddecorating.com/regina-andrew-home-intersecting-sculpture-nickel.html,10-20-1073PN
www.peaceloveanddecorating.com/regina-andrew-home-large-brazed-spike-ball.html,10-20-1045
www.peaceloveanddecorating.com/regina-andrew-home-shagreen-rectangle-tray-w-handles-turquoise.html,10-20-1146TQ
www.peaceloveanddecorating.com/regina-andrew-home-shagreen-hex-tray-ivory-grey.html,10-20-1145IV
www.peaceloveanddecorating.com/regina-andrew-home-rectangle-boutique-tray-ivory-grey-shagreen.html,10-20-1103IV
www.peaceloveanddecorating.com/regina-andrew-home-shagreen-rectangle-tray-w-handles-ivory-grey.html,10-20-1146IV
www.peaceloveanddecorating.com/regina-andrew-home-shagreen-hex-tray-charcoal.html,10-20-1145CHAR
www.peaceloveanddecorating.com/regina-andrew-home-small-braised-spike-ball.html,10-20-1042
www.peaceloveanddecorating.com/regina-andrew-home-shagreen-rectangle-tray-w-handles-charcoal-grey.html,10-20-1146CHAR
www.peaceloveanddecorating.com/regina-andrew-home-steel-and-brass-model-set.html,10-20-1041
www.peaceloveanddecorating.com/regina-andrew-home-large-polyhedron-vase-black-with-antique-gold.html,10-20-1176
www.peaceloveanddecorating.com/regina-andrew-home-large-polyhedron-vase-matte-gold-with-antique-gold.html,10-20-1177
www.peaceloveanddecorating.com/regina-andrew-home-small-polyhedron-vase-black-with-antique-gold.html,10-20-1174
www.peaceloveanddecorating.com/regina-andrew-home-indigo-strip-tray.html,10-20-1181
www.peaceloveanddecorating.com/regina-andrew-home-hammered-bud-vase-set-polished-gold.html,10-20-1164PB
www.peaceloveanddecorating.com/regina-andrew-home-mod-mobile.html,10-20-1173
www.peaceloveanddecorating.com/regina-andrew-home-hammered-bud-vase-set-polished-nickel.html,10-20-1164PN
www.peaceloveanddecorating.com/regina-andrew-home-mosaic-quatrefoil-box-large.html,10-20-1179
www.peaceloveanddecorating.com/regina-andrew-home-indigo-strip-box-large.html,10-20-1180
www.peaceloveanddecorating.com/regina-andrew-home-square-boutique-tray-vintage-snakeskin.html,10-20-1102VBR
www.peaceloveanddecorating.com/regina-andrew-home-square-boutique-tray-ivory-grey-shagreen.html,10-20-1102IV
www.peaceloveanddecorating.com/regina-andrew-home-rectangle-boutique-tray-vintage-snakeskin.html,10-20-1103VBR
www.peaceloveanddecorating.com/regina-andrew-lighting-exhibit-lamp-nickel-bleached-turtle-shell.html,80-13-1164
www.peaceloveanddecorating.com/regina-andrew-lighting-maison-pendent.html,80-16-1028
www.peaceloveanddecorating.com/regina-andrew-lighting-fusion-ceiling-hugger.html,80-16-1071
www.peaceloveanddecorating.com/regina-andrew-lighting-silver-leaves-chandelier.html,80-16-1001
www.peaceloveanddecorating.com/regina-andrew-home-gold-leaf-puzzle-table-set-w-travertine-top.html,20-30-1065
www.peaceloveanddecorating.com/regina-andrew-home-equestrian-tray.html,10-20-1046
www.peaceloveanddecorating.com/regina-andrew-home-turtle-shell-accessory.html,10-21-1044IV
www.peaceloveanddecorating.com/regina-andrew-home-geometrical-shapes-on-stand-set-of-5.html,10-20-1072
www.peaceloveanddecorating.com/regina-andrew-home-trellis-star-large.html,10-20-1074
www.peaceloveanddecorating.com/regina-andrew-home-geo-shapes-set-of-3.html,10-20-1076
www.peaceloveanddecorating.com/regina-andrew-home-geo-vase-matte-gold-set-of-3.html,10-20-1170
www.peaceloveanddecorating.com/regina-andrew-home-polished-metal-cast-skull.html,10-20-1034PN
www.peaceloveanddecorating.com/regina-andrew-home-antique-silver-glass-hurricane-on-cast-metal-spind.html,10-20-1121AM
www.peaceloveanddecorating.com/regina-andrew-home-chevron-tray-grey.html,10-20-1051
www.peaceloveanddecorating.com/regina-andrew-home-blown-mercury-glass-sphere.html,10-20-1127
www.peaceloveanddecorating.com/regina-andrew-home-antique-bronze-metal-skull.html,10-20-1034BZ
www.peaceloveanddecorating.com/regina-andrew-home-blown-mercury-glass-sphere-12-inch.html,10-20-1129
www.peaceloveanddecorating.com/regina-andrew-home-white-bone-and-nickle-tray.html,10-20-1040
www.peaceloveanddecorating.com/regina-andrew-home-mosaic-quatrefoil-box-small.html,10-20-1178
www.peaceloveanddecorating.com/regina-andrew-home-polished-horn-brass-bowl.html,10-20-1049
www.peaceloveanddecorating.com/regina-andrew-home-multi-tone-bone-and-brass-tray.html,10-20-1039
www.peaceloveanddecorating.com/regina-andrew-home-indigo-strip-box-small.html,10-20-1182
www.peaceloveanddecorating.com/regina-andrew-home-silver-clam-shell-bowl-w-small-silver-shells.html,10-20-1003
www.peaceloveanddecorating.com/regina-andrew-home-metal-knot-matt-nickel.html,10-20-1168PN
www.peaceloveanddecorating.com/regina-andrew-home-photo-holder-set-of-4.html,10-20-1169
www.peaceloveanddecorating.com/regina-andrew-home-table-top-easel-antique-brass.html,10-23-1001AB
www.peaceloveanddecorating.com/regina-andrew-home-table-top-easel-antique-black.html,10-23-1001BLK
www.peaceloveanddecorating.com/regina-andrew-home-golden-branch.html,10-20-1090GL
www.peaceloveanddecorating.com/regina-andrew-home-mother-of-pearl-box-small.html,10-20-1059
www.peaceloveanddecorating.com/regina-andrew-home-white-ribbon-coral-on-crystal-base.html,10-20-1022
www.peaceloveanddecorating.com/regina-andrew-home-mirrored-tray-large.html,10-20-1048
www.peaceloveanddecorating.com/regina-andrew-home-rock-bookends-set.html,10-20-1171
www.peaceloveanddecorating.com/regina-andrew-home-set-of-12-asst-silv-mini-seashells.html,10-20-1016
www.peaceloveanddecorating.com/regina-andrew-lighting-abby-table-lamp-antique-gold-leaf.html,80-13-1157
www.peaceloveanddecorating.com/regina-andrew-home-silver-branch.html,20-20-1090SL
www.peaceloveanddecorating.com/regina-andrew-home-tic-tac-toe-white-bone-block.html,10-20-1098
www.peaceloveanddecorating.com/regina-andrew-home-tic-tac-toe-multi-tone-bone-block.html,10-20-1099
www.peaceloveanddecorating.com/regina-andrew-home-tic-tac-toe-flat-with-nickel.html,10-20-1091PN
www.peaceloveanddecorating.com/regina-andrew-home-tic-tac-toe-flat-with-brass.html,10-20-1091PB
www.peaceloveanddecorating.com/regina-andrew-home-small-moroccan-star.html,10-20-1143
www.peaceloveanddecorating.com/regina-andrew-home-large-moroccan-star.html,10-20-1142
www.peaceloveanddecorating.com/regina-andrew-home-modern-gold-jack-small.html,10-20-1055GLD
www.peaceloveanddecorating.com/regina-andrew-home-modern-gold-jack-large.html,10-20-1054GLD
www.peaceloveanddecorating.com/regina-andrew-home-pair-of-terriers-doggie-book-ends-antique-brass.html,10-20-1044
www.peaceloveanddecorating.com/regina-andrew-home-geode-book-ends-on-crystal-teal.html,10-20-1080
www.peaceloveanddecorating.com/regina-andrew-lighting-acrylic-tripod-table-lamp-brass.html,80-13-1154NB
www.peaceloveanddecorating.com/regina-andrew-lighting-brigitte-table-lamp-nickel.html,80-13-1154PN
www.peaceloveanddecorating.com/regina-andrew-home-medium-crystal-obelisk-accessory.html,10-20-1026
www.peaceloveanddecorating.com/regina-andrew-home-large-crystal-obelisk-accessory.html,10-20-1025
www.peaceloveanddecorating.com/regina-andrew-home-modern-iron-jack-large.html,10-20-1054LBLKZ
www.peaceloveanddecorating.com/regina-andrew-lighting-ivory-ceramic-gourd-lamp.html,80-13-1058
www.peaceloveanddecorating.com/regina-andrew-lighting-horizontal-mop-crystal-lamp-505-1045.html,80-13-1029
www.peaceloveanddecorating.com/regina-andrew-lighting-white-glass-ripple-lamp-505-1001-WT.html,80-13-1028WT
www.peaceloveanddecorating.com/regina-andrew-lighting-aqua-glass-ripple-lamp-505-1002-AQUA.html,80-13-1028AQ
www.peaceloveanddecorating.com/regina-andrew-home-modern-iron-jack-44-8016.html,10-20-1055BLKZ
www.peaceloveanddecorating.com/regina-andrew-lighting-ceramic-leafy-artichoke-lamp-44-11-0327.html,80-13-1194
www.peaceloveanddecorating.com/regina-andrew-lighting-marselle-lamp-44-11-0333.html,80-13-1195
www.peaceloveanddecorating.com/regina-andrew-lighting-dune-lamp-55-11-0254.html,80-13-1199GL
www.peaceloveanddecorating.com/regina-andrew-lighting-yvette-uplight-55-11-0208.html,80-13-1197
www.peaceloveanddecorating.com/ra-large-knot-table-lamp-bronze-44-12-0245.html,80-13-1196
www.peaceloveanddecorating.com/regina-andrew-lighting-yvette-uplight-55-11-0209.html,80-13-1198
www.peaceloveanddecorating.com/ra-chevron-bone-table-lamp-multi-color-55-12-0229.html,80-13-1201
www.peaceloveanddecorating.com/regina-andrew-lighting-chevron-bone-lamp-55-12-0228.html,80-13-1200
www.peaceloveanddecorating.com/regina-andrew-lighting-sea-fan-sconce-22-42-0000.html,80-15-1046PN
www.peaceloveanddecorating.com/regina-andrew-lighting-sea-fan-chandelier-22-32-0001.html,80-16-1049PB
www.peaceloveanddecorating.com/regina-andrew-lighting-malibu-chandelier-44-31-0254.html,80-16-1083WT
www.peaceloveanddecorating.com/regina-andrew-lighting-sigmund-pendent-44-31-0270.html,80-16-1090
www.peaceloveanddecorating.com/regina-andrew-lighting-bar-pendent-44-31-0277.html,80-16-1097NB
www.peaceloveanddecorating.com/regina-andrew-lighting-sigmund-pendent-44-31-0271.html,80-16-1091
www.peaceloveanddecorating.com/regina-andrew-lighting-bar-pendent-44-31-0276.html,80-16-1097PN
www.peaceloveanddecorating.com/regina-andrew-lighting-nomad-pendent-44-31-0303.html,80-16-1100IND
www.peaceloveanddecorating.com/regina-andrew-home-tryptic-console-44-61-0256.html,20-30-1047VBR
www.peaceloveanddecorating.com/regina-andrew-home-bud-vase-collection-44-71-0227.html,10-20-1119
www.peaceloveanddecorating.com/regina-andrew-wall-decor-rectangle-mirror-55-71-0181.html,15-21-1047NB
www.peaceloveanddecorating.com/regina-andrew-home-heavy-duty-easel-44-72-0297BRS.html,10-23-1002AB
www.peaceloveanddecorating.com/regina-andrew-home-ellipse-table-top-accessory-44-72-0291.html,10-20-1112BRS
www.peaceloveanddecorating.com/regina-andrew-wall-decor-dressing-room-mirror-55-71-0180.html,15-21-1048NB
www.peaceloveanddecorating.com/regina-andrew-home-heavy-duty-easel-44-72-0297NI.html,10-23-1002PN
www.peaceloveanddecorating.com/regina-andrew-wall-decor-hanging-circular-mirror-55-71-0182.html,15-21-1045NB
www.peaceloveanddecorating.com/regina-andrew-wall-decor-hanging-rectangle-mirror-55-71-0183.html,15-21-1046NB
www.peaceloveanddecorating.com/regina-andrew-wall-decor-hanging-rectangle-mirror-55-71-0189.html,15-21-1046STL
www.peaceloveanddecorating.com/regina-andrew-wall-decor-rectangle-mirror-55-71-0187.html,15-21-1047STL
www.peaceloveanddecorating.com/regina-andrew-wall-decor-dressing-room-mirror-55-71-0186.html,15-21-1048STL
www.peaceloveanddecorating.com/regina-andrew-wall-decor-hanging-circular-mirror-55-71-0188.html,15-21-1045STL
www.peaceloveanddecorating.com/regina-andrew-home-open-standing-cube-55-72-0233NI.html,10-20-1110PN
www.peaceloveanddecorating.com/regina-andrew-home-open-standing-cube-55-72-0233BRS.html,10-20-1110BRS
www.peaceloveanddecorating.com/regina-andrew-home-tray-55-71-0193.html,10-20-1120STL
www.peaceloveanddecorating.com/regina-andrew-home-tray-55-71-0192.html,10-20-1120NB
www.peaceloveanddecorating.com/regina-andrew-wall-decor-round-sun-flower-beveled-mirror-frame-405-049-G.html,15-21-1006
www.peaceloveanddecorating.com/regina-andrew-wall-decor-mirror-in-reclaimed-frame-405-030.html,15-21-1005
www.peaceloveanddecorating.com/regina-andrew-home-chevron-bone-picture-frame-55-72-0243.html,10-20-1114
www.peaceloveanddecorating.com/regina-andrew-home-closed-standing-cube-55-72-0234NI.html,10-20-1111PN
www.peaceloveanddecorating.com/regina-andrew-home-chevron-bone-picture-frame-55-72-0244.html,10-20-1115
www.peaceloveanddecorating.com/regina-andrew-lighting-molten-pendent-55-31-0272.html,80-16-1088PN
www.peaceloveanddecorating.com/regina-andrew-lighting-redford-floor-lamp-55-21-0152.html,80-14-1014
www.peaceloveanddecorating.com/regina-andrew-lighting-molten-pendent-55-31-0275.html,80-16-1087NB
www.peaceloveanddecorating.com/regina-andrew-lighting-molten-chandelier-55-31-0233.html,80-16-1089NB
www.peaceloveanddecorating.com/regina-andrew-lighting-molten-pendent-55-31-0274.html,80-16-1087PN
www.peaceloveanddecorating.com/regina-andrew-lighting-molten-pendent-55-31-0273.html,80-16-1088NB
www.peaceloveanddecorating.com/regina-andrew-lighting-molten-chandelier-55-31-0232.html,80-16-1089PN
www.peaceloveanddecorating.com/regina-andrew-lighting-demi-john-pendant-44-31-0305.html,80-16-1101
www.peaceloveanddecorating.com/regina-andrew-lighting-redford-chandelier-55-31-0231.html,80-16-1086
www.peaceloveanddecorating.com/regina-andrew-lighting-concrete-and-brass-gear-lamp-44-8594.html,80-13-1052
www.peaceloveanddecorating.com/regina-andrew-home-modern-silver-jack-44-8018.html,10-20-1055PN
www.peaceloveanddecorating.com/ra-fluted-lamp-robin-egg-blue-44-11-0306.html,80-13-1189
www.peaceloveanddecorating.com/ra-geo-rectangle-floor-lamp-brass-55-21-0157.html,80-14-1019NB
