URL,ItemNumber
http://www.oopsydaisy.com/store/animals-around-the-world-2.html,15-MMASA00014-K
http://www.oopsydaisy.com/store/dinoscape-1.html,15-DIDE000009-K
http://www.oopsydaisy.com/store/g-is-for-girls-personalize-it-1.html,15-SLGGIFG014-K
http://www.oopsydaisy.com/store/growth-charts/baby-growth-charts/a-z-animals.html,15-JMAZA00011-G
http://www.oopsydaisy.com/store/growth-charts/b-is-for-boys.html,15-SLBBIFB013-G
http://www.oopsydaisy.com/store/growth-charts/boy-growth-charts/vintage-voyage.html,15-JCVEV00014-G
http://www.oopsydaisy.com/store/growth-charts/boy-growth-charts/world-explorers.html,15-KYWDE00015-G
http://www.oopsydaisy.com/store/growth-charts/comic-adventures.html,15-HCCCA00016-G
http://www.oopsydaisy.com/store/growth-charts/elephant-playtime.html,15-SAETP00017-G
http://www.oopsydaisy.com/store/growth-charts/enchanted-fairytale.html,15-KLEDF00019-G
http://www.oopsydaisy.com/store/growth-charts/g-is-for-girls.html,15-SLGGIFG014-G
http://www.oopsydaisy.com/store/growth-charts/her-royal-highness.html,15-SKHRRH0018-G
http://www.oopsydaisy.com/store/growth-charts/modern-giraffe-pink.html,15-SAMNGP0021-G
http://www.oopsydaisy.com/store/growth-charts/new-growth-charts/delightful-dreamers.html,15-CTDLD00019-G
http://www.oopsydaisy.com/store/growth-charts/ocean-swimmers.html,15-ASONS00014-G
http://www.oopsydaisy.com/store/growth-charts/prehistoric-pileup.html,15-VBPCP00018-G
http://www.oopsydaisy.com/store/growth-charts/we-re-in-paris.html,15-CTWEIP0014-G
http://www.oopsydaisy.com/store/growth-charts/we-re-in-paris.html,15-FAMYOS0016-G
http://www.oopsydaisy.com/store/personalized-art-for-kids/b-is-for-boys-personalize-it-1.html,15-SLBBIFB013-K
http://www.oopsydaisy.com/store/personalized-art-for-kids/cherry-blossom-birdies-non-pers.html,15-WSCYBB0022-K
http://www.oopsydaisy.com/store/personalized-art-for-kids/locker-room.html,15-JSLRR00011-K
http://www.oopsydaisy.com/store/personalized-art-for-kids/watercolor-map-bright.html,15-KVWRM00014-K
http://www.oopsydaisy.com/store/shop/canvas-wall-murals/an-adventure-awaits.html,15-RMANAA0019-K
http://www.oopsydaisy.com/store/shop/canvas-wall-murals/boho-peacock-birdies.html,15-WSBOP00012-K
http://www.oopsydaisy.com/store/shop/canvas-wall-murals/carousel.html,15-MCCL000008-K
http://www.oopsydaisy.com/store/shop/canvas-wall-murals/cherry-blossom-birdies-butter-cream.html,15-WSCYB00014-K
http://www.oopsydaisy.com/store/shop/canvas-wall-murals/enchanted-fairytale.html,15-KLEDF00019-K
http://www.oopsydaisy.com/store/shop/canvas-wall-murals/forest-adventure.html,15-MMFTA00016-K
http://www.oopsydaisy.com/store/shop/canvas-wall-murals/friendly-fish-party.html,15-GKFYFP0019-K
http://www.oopsydaisy.com/store/shop/canvas-wall-murals/game-tickets-team-sports.html,15-RGGET00012-K
http://www.oopsydaisy.com/store/shop/canvas-wall-murals/mountain-adventure-by-the-sea.html,15-MMMNABTS18-K
http://www.oopsydaisy.com/store/shop/canvas-wall-murals/solar-system.html,15-DISRS00012-K
http://www.oopsydaisy.com/store/shop/personalized-canvas-art/around-the-world.html,15-JKADTW0016-K
http://www.oopsydaisy.com/store/shop/personalized-canvas-art/hearts.html,15-SAHS000006-K
http://www.oopsydaisy.com/store/shop/personalized-canvas-art/modern-giraffes-blue.html,15-SAMNGB0021-K
http://www.oopsydaisy.com/store/shop/personalized-canvas-art/once-upon-a-time-storybook-pink.html,15-SBOEUATS21-K
http://www.oopsydaisy.com/store/shop/personalized-canvas-art/parisian-afternoon.html,15-PPPNA00018-K
http://www.oopsydaisy.com/store/shop/personalized-canvas-art/treasure-map.html,15-DITEM00012-K
http://www.oopsydaisy.com/store/shop/seasonal-canvas-art/bow-tie-teddy-blue.html,15-VBBWTTB018-K
http://www.oopsydaisy.com/store/shop/seasonal-canvas-art/little-blue-sneakers.html,15-JMLEBS0020-K
http://www.oopsydaisy.com/store/shop/seasonal-canvas-art/little-floral-shoes.html,15-JMLEFS0020-K
http://www.oopsydaisy.com/store/shop/seasonal-canvas-art/little-white-sneakers.html,15-JMLEWS0021-K
http://www.oopsydaisy.com/store/shop/seasonal-canvas-art/personalized-baby-girl.html,15-DIPDBG0022-K
http://www.oopsydaisy.com/store/shop/seasonal-canvas-art/vintage-birth-announcement-pink.html,15-CPVEBA0022-K
http://www.oopsydaisy.com/store/shop/special-occasion/special-delivery-girl.html,15-SKSLDG0021-K
http://www.oopsydaisy.com/store/special-delivery-boy.html,15-SKSLDB0020-K
http://www.greenboxart.com/store/scarlet-1.html,15-APST000007-A
http://www.greenboxart.com/store/the-seer-detail.html,15-APTESD0015-C
http://www.greenboxart.com/store/us-together-1.html,15-APUST00011-A
http://www.greenboxart.com/store/us-together-detail-1.html,15-APUSTD0018-A
http://www.greenboxart.com/store/living-in-rhythm.html,15-CSLGIR0016-C
http://www.greenboxart.com/store/run-away-with-me.html,15-CSRNAWM016-C
http://www.greenboxart.com/store/run-away-with-me-1.html,15-CSRNAWM016-A
http://www.greenboxart.com/store/welcome-home.html,15-CSWEH00012-C
http://www.greenboxart.com/store/welcome-home-1.html,15-CSWEH00012-A
http://www.greenboxart.com/store/1-woolly-sheep.html,15-EH11WS0014-C
http://www.greenboxart.com/store/fox-buck-hare-floral.html,15-EHFXBHF025-C
http://www.greenboxart.com/store/frosted-buck-and-baby.html,15-EHFDBAB021-C
http://www.greenboxart.com/store/frosted-buck-and-baby-1.html,15-EHFDBAB021-A
http://www.greenboxart.com/store/giant-rhinoceros-cream.html,15-EHGTRC0024-C
http://www.greenboxart.com/store/giant-rhinoceros-pewter.html,15-EHGTRP0025-C
http://www.greenboxart.com/store/giraffe-family-diptych.html,15-EHGEFD0022-C
http://www.greenboxart.com/store/giraffe-family-of-four-diptych.html,15-EHGEFOFD30-C
http://www.greenboxart.com/store/giraffe-family-of-four-on-cream-diptych.html,15-EHGEFOFOCD41-C
http://www.greenboxart.com/store/giraffe-family-on-cream-diptych.html,15-EHGEFOCD33-C
http://www.greenboxart.com/store/glass-tree-1.html,15-EHGST00010-A
http://www.greenboxart.com/store/goat-family-portrait-cream.html,15-EHGTFPC028-C
http://www.greenboxart.com/store/goat-family-portrait-cream-1.html,15-EHGTFPC028-A
http://www.greenboxart.com/store/goat-family-portrait-turquoise.html,15-EHGTFPT032-C
http://www.greenboxart.com/store/goat-family-portrait-turquoise-1.html,15-EHGTFPT032-A
http://www.greenboxart.com/store/golden-bull-floral.html,15-EHGNBF0020-C
http://www.greenboxart.com/store/golden-bull-putty.html,15-EHGNBP0019-C
http://www.greenboxart.com/store/great-blue-heron.html,15-EHGTBH0016-C
http://www.greenboxart.com/store/great-blue-heron-1.html,15-EHGTBH0016-A
http://www.greenboxart.com/store/grizzly-bear-dreams-on-grey.html,15-EHGYBDOG27-C
http://www.greenboxart.com/store/grizzly-bear-dreams-with-gold-stripes.html,15-EHGYBDWGS37-C
http://www.greenboxart.com/store/grizzly-roar.html,15-EHGYR00012-C
http://www.greenboxart.com/store/grizzly-roar-1.html,15-EHGYR00012-A
http://www.greenboxart.com/store/half-dozen-blue.html,15-EHHFDB0017-C
http://www.greenboxart.com/store/half-dozen-cream.html,15-EHHFDC0018-C
http://www.greenboxart.com/store/happy-hopping-blue.html,15-EHHYHB0020-C
http://www.greenboxart.com/store/happy-hopping-blue-1.html,15-EHHYHB0020-A
http://www.greenboxart.com/store/happy-hopping-teal.html,15-EHHYHT0020-C
http://www.greenboxart.com/store/happy-hopping-teal-1.html,15-EHHYHT0020-A
http://www.greenboxart.com/store/hedgehog-duo-floral.html,15-EHHGDF0021-C
http://www.greenboxart.com/store/hedgehog-duo-floral-1.html,15-EHHGDF0021-A
http://www.greenboxart.com/store/hedgehog-duo-floral-bright.html,15-EHHGDFB028-C
http://www.greenboxart.com/store/hedgehog-duo-floral-bright-1.html,15-EHHGDFB028-A
http://www.greenboxart.com/store/hedgehog-duo-on-soft-gray.html,15-EHHGDOSG25-A
http://www.greenboxart.com/store/hedgehog-duo-on-soft-gray-1.html,15-EHHGDOSG25-C
http://www.greenboxart.com/store/hedgehog-love.html,15-EHHGL00013-A
http://www.greenboxart.com/store/hedgehog-love-1.html,15-EHHGL00013-C
http://www.greenboxart.com/store/hedgehog-love-on-soft-gray.html,15-EHHGLOSG26-A
http://www.greenboxart.com/store/hedgehog-love-on-soft-gray-1.html,15-EHHGLOSG26-C
http://www.greenboxart.com/store/hen-loves-pig.html,15-EHHNLP0013-C
http://www.greenboxart.com/store/hen-loves-pig-1.html,15-EHHNLP0013-A
http://www.greenboxart.com/store/heron-focus-1.html,15-EHHNF00011-A
http://www.greenboxart.com/store/holding-hands.html,15-EHHGH00013-A
http://www.greenboxart.com/store/holding-hands-1.html,15-EHHGH00013-C
http://www.greenboxart.com/store/honey-badger.html,15-EHHYB00012-C
http://www.greenboxart.com/store/honey-badger-1.html,15-EHHYB00012-A
http://www.greenboxart.com/store/horse-floral.html,15-EHHEF00014-C
http://www.greenboxart.com/store/horse-on-gray.html,15-EHHEOG0013-C
http://www.greenboxart.com/store/horse-on-gray-1.html,15-EHHEOG0013-A
http://www.greenboxart.com/store/horse-on-pink.html,15-EHHEOP0013-C
http://www.greenboxart.com/store/horse-on-pink-1.html,15-EHHEOP0013-A
http://www.greenboxart.com/store/humpback-whale-pod.html,15-EHHKWP0018-C
http://www.greenboxart.com/store/humpback-whale-pod-on-indigo.html,15-EHHKWPOI28-C
http://www.greenboxart.com/store/ice-blue-birch-trees.html,15-EHIEBBT020-C
http://www.greenboxart.com/store/jeweled-starfish.html,15-EHJDS00016-C
http://www.greenboxart.com/store/jeweled-starfish-1.html,15-EHJDS00016-A
http://www.greenboxart.com/store/jeweled-starfish-deep-blue.html,15-EHJDSDB028-C
http://www.greenboxart.com/store/jeweled-starfish-deep-blue-1.html,15-EHJDSDB028-A
http://www.greenboxart.com/store/jeweled-walrus-on-blue.html,15-EHJDWOB022-C
http://www.greenboxart.com/store/jeweled-walrus-on-silver.html,15-EHJDWOS024-C
http://www.greenboxart.com/store/jeweled-whale-spray-blue-fog.html,15-EHJDWSBF30-C
http://www.greenboxart.com/store/jeweled-whale-spray-teal.html,15-EHJDWST026-C
http://www.greenboxart.com/store/jeweled-whale-spray-wisteria.html,15-EHJDWSW030-C
http://www.greenboxart.com/store/koi-fish-2.html,15-EHKIF00008-A
http://www.greenboxart.com/store/koi-in-gold.html,15-EHKIIG0011-C
http://www.greenboxart.com/store/koi-in-gold-1.html,15-EHKIIG0011-A
http://www.greenboxart.com/store/lace-mane-ribbon-tack.html,15-EHLEMRT023-C
http://www.greenboxart.com/store/lace-mane-ribbon-tack-1.html,15-EHLEMRT023-A
http://www.greenboxart.com/store/lagoon.html,15-EHLN000006-C
http://www.greenboxart.com/store/lagoon-1.html,15-EHLN000006-A
http://www.greenboxart.com/store/lakes.html,15-EHLS000005-C
http://www.greenboxart.com/store/lamb-on-cream.html,15-EHLBOC0013-C
http://www.greenboxart.com/store/lamb-on-cream-1.html,15-EHLBOC0013-A
http://www.greenboxart.com/store/lamb-on-olive-green.html,15-EHLBOOG019-C
http://www.greenboxart.com/store/lamb-on-olive-green-1.html,15-EHLBOOG019-A
http://www.greenboxart.com/store/lemon-tree-landscape.html,15-EHLNTL0020-C
http://www.greenboxart.com/store/leopard-seal.html,15-EHLDS00012-C
http://www.greenboxart.com/store/leopard-seal-on-indigo.html,15-EHLDSOI022-C
http://www.greenboxart.com/store/light-pink-birch-trees.html,15-EHLTPBT022-C
http://www.greenboxart.com/store/little-longhorn-baby.html,15-EHLELB0020-C
http://www.greenboxart.com/store/little-longhorn-baby-taupe.html,15-EHLELBT028-C
http://www.greenboxart.com/store/little-piggies.html,15-EHLEP00014-C
http://www.greenboxart.com/store/little-piggies-1.html,15-EHLEP00014-A
http://www.greenboxart.com/store/little-piggies-floral.html,15-EHLEPF0023-C
http://www.greenboxart.com/store/little-piggies-floral-1.html,15-EHLEPF0023-A
http://www.greenboxart.com/store/little-sunshine.html,15-EHLES00015-C
http://www.greenboxart.com/store/llama-duo.html,15-EHLAD00009-C
http://www.greenboxart.com/store/llama-duo-1.html,15-EHLAD00009-A
http://www.greenboxart.com/store/llama-family.html,15-EHLAF00012-C
http://www.greenboxart.com/store/llama-family-of-four.html,15-EHLAFOF020-C
http://www.greenboxart.com/store/llama-family-of-four-1.html,15-EHLAFOF020-A
http://www.greenboxart.com/store/llama-family-on-cream.html,15-EHLAFOC021-C
http://www.greenboxart.com/store/llama-love.html,15-EHLAL00010-C
http://www.greenboxart.com/store/llama-love-1.html,15-EHLAL00010-A
http://www.greenboxart.com/store/llama-love-neutral.html,15-EHLALN0020-C
http://www.greenboxart.com/store/llama-love-neutral-1.html,15-EHLALN0020-A
http://www.greenboxart.com/store/llama-loves-pig-blue.html,15-EHLALPB022-C
http://www.greenboxart.com/store/llama-loves-pig-blue-1.html,15-EHLALPB022-A
http://www.greenboxart.com/store/llama-loves-pig-gold.html,15-EHLALPG022-A
http://www.greenboxart.com/store/llama-loves-pig-gold-1.html,15-EHLALPG022-C
http://www.greenboxart.com/store/llama-loves-sheep.html,15-EHLALS0017-C
http://www.greenboxart.com/store/llama-loves-sheep-1.html,15-EHLALS0017-A
http://www.greenboxart.com/store/llama-loves-sheep-on-teal.html,15-EHLALSOT25-C
http://www.greenboxart.com/store/llama-loves-sheep-on-teal-1.html,15-EHLALSOT25-A
http://www.greenboxart.com/store/lobster-on-blue.html,15-EHLROB0015-C
http://www.greenboxart.com/store/longhorn-geode-blue.html,15-EHLNGB0021-C
http://www.greenboxart.com/store/longhorn-geode-blue-1.html,15-EHLNGB0021-A
http://www.greenboxart.com/store/longhorn-geode-neutral.html,15-EHLNGN0024-C
http://www.greenboxart.com/store/sheep-duo-green.html,15-EHSPDG0017-C
http://www.greenboxart.com/store/sheep-duo-green-1.html,15-EHSPDG0017-A
http://www.greenboxart.com/store/sheep-duo-taupe.html,15-EHSPDT0017-C
http://www.greenboxart.com/store/sheep-duo-taupe-1.html,15-EHSPDT0017-A
http://www.greenboxart.com/store/sheep-on-cream.html,15-EHSPOC0014-C
http://www.greenboxart.com/store/sheep-on-cream-1.html,15-EHSPOC0014-A
http://www.greenboxart.com/store/sheep-on-lavender.html,15-EHSPOL0017-C
http://www.greenboxart.com/store/sheep-on-lavender-1.html,15-EHSPOL0017-A
http://www.greenboxart.com/store/siamese-cat.html,15-EHSEC00011-C
http://www.greenboxart.com/store/siamese-cat-1.html,15-EHSEC00011-A
http://www.greenboxart.com/store/siamese-cat-on-cream.html,15-EHSECOC020-C
http://www.greenboxart.com/store/siamese-cat-on-cream-1.html,15-EHSECOC020-A
http://www.greenboxart.com/store/six-lively-llamas.html,15-EHSXLL0017-C
http://www.greenboxart.com/store/six-lively-llamas-on-grey.html,15-EHSXLLOG25-C
http://www.greenboxart.com/store/six-lively-llamas-on-sky-blue.html,15-EHSXLLOSB29-C
http://www.greenboxart.com/store/sloths-hanging-out.html,15-EHSSHO0018-C
http://www.greenboxart.com/store/sloths-hanging-out-1.html,15-EHSSHO0018-A
http://www.greenboxart.com/store/sloths-hanging-out-on-bright-teal.html,15-EHSSHOOBT33-C
http://www.greenboxart.com/store/sloths-hanging-out-on-bright-teal-1.html,15-EHSSHOOBT33-A
http://www.greenboxart.com/store/snuggling-llamas.html,15-EHSGL00016-C
http://www.greenboxart.com/store/snuggling-llamas-1.html,15-EHSGL00016-A
http://www.greenboxart.com/store/snuggling-llamas-on-cream.html,15-EHSGLOC025-C
http://www.greenboxart.com/store/snuggling-llamas-on-cream-1.html,15-EHSGLOC025-A
http://www.greenboxart.com/store/starfish-bedtime-stories.html,15-EHSHBS0024-C
http://www.greenboxart.com/store/starfish-bedtime-stories-1.html,15-EHSHBS0024-A
http://www.greenboxart.com/store/summer-lightning.html,15-EHSRL00016-C
http://www.greenboxart.com/store/summer-lightning-narrow.html,15-EHSRLN0025-C
http://www.greenboxart.com/store/super-fox.html,15-EHSRF00009-C
http://www.greenboxart.com/store/super-fox-on-grey.html,15-EHSRFOG017-C
http://www.greenboxart.com/store/teal-birch-trees-1.html,15-EHTLBT0016-C
http://www.greenboxart.com/store/texas-skies.html,15-EHTSS00011-C
http://www.greenboxart.com/store/texas-skies-1.html,15-EHTSS00011-A
http://www.greenboxart.com/store/texas-wildflowers.html,15-EHTSW00017-C
http://www.greenboxart.com/store/texas-wildflowers-1.html,15-EHTSW00017-A
http://www.greenboxart.com/store/the-chase.html,15-EHTEC00009-C
http://www.greenboxart.com/store/the-crowned-bison.html,15-EHTECB0017-A
http://www.greenboxart.com/store/three-giraffes-on-cream.html,15-EHTEGOC023-C
http://www.greenboxart.com/store/three-macaws-on-gray.html,15-EHTEMOG020-C
http://www.greenboxart.com/store/three-macaws-on-turquoise.html,15-EHTEMOT025-C
http://www.greenboxart.com/store/three-standing-rabbits.html,15-EHTESR0022-C
http://www.greenboxart.com/store/three-standing-rabbits-1.html,15-EHTESR0022-A
http://www.greenboxart.com/store/three-standing-rabbits-floral.html,15-EHTESRF031-C
http://www.greenboxart.com/store/three-standing-rabbits-floral-1.html,15-EHTESRF031-A
http://www.greenboxart.com/store/three-standing-rabbits-on-blue.html,15-EHTESROB30-C
http://www.greenboxart.com/store/three-standing-rabbits-on-blue-1.html,15-EHTESROB30-A
http://www.greenboxart.com/store/three-standing-rabbits-on-gray.html,15-EHTESROG30-C
http://www.greenboxart.com/store/three-standing-rabbits-on-gray-1.html,15-EHTESROG30-A
http://www.greenboxart.com/store/tiger-on-cerulean.html,15-EHTROC0017-C
http://www.greenboxart.com/store/tiger-on-cerulean-1.html,15-EHTROC0017-A
http://www.greenboxart.com/store/tree-homes.html,15-EHTEH00010-C
http://www.greenboxart.com/store/tree-homes-narrow.html,15-EHTEHN0019-C
http://www.greenboxart.com/store/trendy-trunk.html,15-EHTYT00012-C
http://www.greenboxart.com/store/trendy-trunk-1.html,15-EHTYT00012-A
http://www.greenboxart.com/store/trendy-trunk-on-blue.html,15-EHTYTOB020-A
http://www.greenboxart.com/store/trendy-trunk-on-blue-1.html,15-EHTYTOB020-C
http://www.greenboxart.com/store/trendy-trunk-on-cream.html,15-EHTYTOC021-C
http://www.greenboxart.com/store/trendy-trunk-on-cream-1.html,15-EHTYTOC021-A
http://www.greenboxart.com/store/trendy-trunk-on-patterned-coral.html,15-EHTYTOPC31-C
http://www.greenboxart.com/store/trendy-trunk-on-patterned-coral-1.html,15-EHTYTOPC31-A
http://www.greenboxart.com/store/trio-of-goats.html,15-EHTOOG0013-C
http://www.greenboxart.com/store/trio-of-goats-1.html,15-EHTOOG0013-A
http://www.greenboxart.com/store/trio-of-goats-on-taupe.html,15-EHTOOGOT22-C
http://www.greenboxart.com/store/trio-of-goats-on-taupe-1.html,15-EHTOOGOT22-A
http://www.greenboxart.com/store/turquoise-cloud.html,15-EHTEC00015-A
http://www.greenboxart.com/store/turquoise-cloud-1.html,15-EHTEC00015-C
http://www.greenboxart.com/store/turtle-rescue.html,15-EHTER00013-C
http://www.greenboxart.com/store/turtle-rescue-1.html,15-EHTER00013-A
http://www.greenboxart.com/store/two-wild-cheetahs.html,15-EHTOWC0017-A
http://www.greenboxart.com/store/two-wild-cheetahs-1.html,15-EHTOWC0017-C
http://www.greenboxart.com/store/walrus-trio.html,15-EHWST00011-C
http://www.greenboxart.com/store/walrus-trio-1.html,15-EHWST00011-A
http://www.greenboxart.com/store/whales-power-spray.html,15-EHWSPS0018-C
http://www.greenboxart.com/store/whales-power-spray-1.html,15-EHWSPS0018-A
http://www.greenboxart.com/store/wildflower-bed-1.html,15-EHWRB00014-A
http://www.greenboxart.com/store/wildflower-bed-neutral.html,15-EHWRBN0024-C
http://www.greenboxart.com/store/wildflower-bed-neutral-1.html,15-EHWRBN0024-A
http://www.greenboxart.com/store/wild-zebra-on-blue-1.html,15-EHWDZOB018-A
http://www.greenboxart.com/store/wild-zebra-on-taupe.html,15-EHWDZOT019-C
http://www.greenboxart.com/store/winds.html,15-EHWS000005-C
http://www.greenboxart.com/store/winds-1.html,15-EHWS000005-A
http://www.greenboxart.com/store/wolves-jumping.html,15-EHWSJ00014-C
http://www.greenboxart.com/store/love-light.html,15-FBLEL00010-C
http://www.greenboxart.com/store/oh-be-joyful.html,15-FBOHBJ0012-C
http://www.greenboxart.com/store/silver-spring-1.html,15-FBSRS00013-A
http://www.greenboxart.com/store/spring-forth-2.html,15-FBSGF00012-A
http://www.greenboxart.com/store/time-to-shine.html,15-FBTETS0013-C
http://www.greenboxart.com/store/time-to-shine-1.html,15-FBTETS0013-A
http://www.greenboxart.com/store/wine-rack.html,15-HGWER00009-C
http://www.greenboxart.com/store/red-flowers-on-gray.html,15-KHRDFOG019-A
http://www.greenboxart.com/store/red-flowers-on-gray-1.html,15-KHRDFOG019-C
http://www.greenboxart.com/store/red-flowers-on-stripes.html,15-KHRDFOS022-C
http://www.greenboxart.com/store/red-flowers-on-stripes-1.html,15-KHRDFOS022-A
http://www.greenboxart.com/store/yellow-flowers-in-striped-vase.html,15-KHYWFISV30-C
http://www.greenboxart.com/store/yellow-flowers-in-striped-vase-1.html,15-KHYWFISV30-A
http://www.greenboxart.com/store/nest-among-blossoms.html,15-KHNTAB0019-A
http://www.greenboxart.com/store/nest-among-blossoms-1.html,15-KHNTAB0019-C
http://www.greenboxart.com/store/the-barn-owl-s-birch-tree.html,15-KHTEBOBT24-C
http://www.greenboxart.com/store/the-barn-owl-s-birch-tree-1.html,15-KHTEBOBT24-A
http://www.greenboxart.com/store/weeping-willows-and-a-warbler.html,15-KHWGWAAW29-A
http://www.greenboxart.com/store/weeping-willows-and-a-warbler-1.html,15-KHWGWAAW29-C
http://www.greenboxart.com/store/freedom-within.html,15-LGFMW00014-C
http://www.greenboxart.com/store/freedom-within-1.html,15-LGFMW00014-A
http://www.greenboxart.com/store/in-the-spring.html,15-LGINTS0013-A
http://www.greenboxart.com/store/in-the-spring-1.html,15-LGINTS0013-C
http://www.greenboxart.com/store/it-s-complicated.html,15-LGISC00015-C
http://www.greenboxart.com/store/it-s-complicated-1.html,15-LGISC00015-A
http://www.greenboxart.com/store/love-me-tender.html,15-LGLEMT0014-C
http://www.greenboxart.com/store/love-me-tender-1.html,15-LGLEMT0014-A
http://www.greenboxart.com/store/secret-garden.html,15-LGSTG00013-C
http://www.greenboxart.com/store/secret-garden-1.html,15-LGSTG00013-A
http://www.greenboxart.com/store/sherbert-kisses.html,15-LGSTK00015-C
http://www.greenboxart.com/store/sherbert-kisses-1.html,15-LGSTK00015-A
http://www.greenboxart.com/store/stillness.html,15-LGSS000009-C
http://www.greenboxart.com/store/stillness-1.html,15-LGSS000009-A
http://www.greenboxart.com/store/within-you-1.html,15-LGWNY00010-A
http://www.greenboxart.com/store/ginger-jar-florals.html,15-MDGRJF0018-C
http://www.greenboxart.com/store/ginger-jar-florals-1.html,15-MDGRJF0018-A
http://www.greenboxart.com/store/happy-blues.html,15-MDHYB00011-C
http://www.greenboxart.com/store/happy-blues-1.html,15-MDHYB00011-A
http://www.greenboxart.com/store/minty-marsh.html,15-MDMYM00011-C
http://www.greenboxart.com/store/minty-marsh-1.html,15-MDMYM00011-A
http://www.greenboxart.com/store/ocean-swim.html,15-MDONS00010-C
http://www.greenboxart.com/store/ocean-swim-1.html,15-MDONS00010-A
http://www.greenboxart.com/store/overhead-beach.html,15-MDODB00014-C
http://www.greenboxart.com/store/overhead-beach-1.html,15-MDODB00014-A
http://www.greenboxart.com/store/pastel-marsh.html,15-MDPLM00012-C
http://www.greenboxart.com/store/pastel-marsh-1.html,15-MDPLM00012-A
http://www.greenboxart.com/store/pink-sheep.html,15-MDPKS00010-C
http://www.greenboxart.com/store/watercolor-pink-roses.html,15-MDWRPR0021-C
http://www.greenboxart.com/store/watercolor-pink-roses-1.html,15-MDWRPR0021-A
http://www.greenboxart.com/store/fruit-and-flowers.html,15-SPFTAF0017-C
http://www.greenboxart.com/store/fruit-and-flowers-1.html,15-SPFTAF0017-A
http://www.greenboxart.com/store/hydrangea.html,15-SPHA000009-C
http://www.greenboxart.com/store/hydrangea-1.html,15-SPHA000009-A
http://www.greenboxart.com/store/naptime.html,15-SPNE000007-C
http://www.greenboxart.com/store/naptime-1.html,15-SPNE000007-A
http://www.greenboxart.com/store/painted-pineapple.html,15-SPPDP00017-C
http://www.greenboxart.com/store/painted-pineapple-1.html,15-SPPDP00017-A
http://www.greenboxart.com/store/painted-pony.html,15-SPPDP00012-C
http://www.greenboxart.com/store/painted-pony-1.html,15-SPPDP00012-A
http://www.greenboxart.com/store/painted-sailboat.html,15-SPPDS00016-C
http://www.greenboxart.com/store/painted-sailboat-1.html,15-SPPDS00016-A
http://www.greenboxart.com/store/painted-sunset.html,15-SPPDS00014-C
http://www.greenboxart.com/store/painted-sunset-1.html,15-SPPDS00014-A
http://www.greenboxart.com/store/pastel-bouquet.html,15-SPPLB00014-C
http://www.greenboxart.com/store/pastel-bouquet-1.html,15-SPPLB00014-A
http://www.greenboxart.com/store/raindrops.html,15-SPRS000009-C
http://www.greenboxart.com/store/rose-serenity.html,15-SPRES00014-C
http://www.greenboxart.com/store/rose-serenity-1.html,15-SPRES00014-A
http://www.greenboxart.com/store/spring-rain-2.html,15-SPSGR20013-C
http://www.greenboxart.com/store/spring-rain-3.html,15-SPSGR30013-C
http://www.greenboxart.com/store/spring-rain-4.html,15-SPSGR40013-C
http://www.greenboxart.com/store/spring-rain-5.html,15-SPSGR40013-A
http://www.greenboxart.com/store/spring-rain-6.html,15-SPSGR30013-A
http://www.greenboxart.com/store/spring-rain-7.html,15-SPSGR20013-A
http://www.greenboxart.com/store/sweet-giraffe.html,15-SPSTG00013-C
http://www.greenboxart.com/store/sweet-llama.html,15-SPSTL00011-C
http://www.greenboxart.com/store/tabby-cat.html,15-SPTYC00009-C
http://www.greenboxart.com/store/tabby-cat-1.html,15-SPTYC00009-A
http://www.greenboxart.com/store/watercolor-coastal-town.html,15-SPWRCT0023-C
http://www.greenboxart.com/store/watercolor-coastal-town-1.html,15-SPWRCT0023-A
http://www.greenboxart.com/store/watercolor-painted-sky.html,15-SPWRPS0022-C
http://www.greenboxart.com/store/watercolor-painted-sky-1.html,15-SPWRPS0022-A
http://www.greenboxart.com/store/white-tulips-1.html,15-SPWET10014-C
http://www.greenboxart.com/store/white-tulips-2.html,15-SPWET20014-C
http://www.greenboxart.com/store/white-tulips-3.html,15-SPWET10014-A
http://www.greenboxart.com/store/white-tulips-4.html,15-SPWET20014-A
